,mapper_node_location,ESR1,AR,VDR,KRT5,MKI67,KRT18,MME,SMN1,TP63
GTEX-1117F-2826-SM-5GZXL,b,-0.491313477351191,-1.26251611296856,0.382687203216399,-0.430270461944384,-0.408853191844066,-0.43065013429515,-0.62454630312413,-0.733022606195054,-0.342212571664569
GTEX-111YS-1926-SM-5GICC,none,0.607975524709149,1.20446516921357,-0.274401684831181,-0.510672074538918,-0.394098659037349,0.468222207845571,-0.601311357945417,-0.210558993342219,-0.176444691335338
GTEX-1122O-1226-SM-5H113,f,-0.431340930122449,-0.013032487644374,0.401932484456286,0.159219088380614,-0.147487182125076,-0.389308694142584,-0.215340569588346,-0.70656875237972,0.065038788387514
GTEX-117XS-1926-SM-5GICO,f,-0.472932281057706,-0.711138942264754,-0.806396244819493,-0.827876611660114,0.012704888347853,-0.787980008555014,-0.271961649586958,0.087046862080282,-0.697941482425134
GTEX-117YX-1426-SM-5H12H,b|c,-0.600977563712319,-0.094774407058106,-0.680614585287373,-0.843416699370215,0.107555456391035,-0.807890775687316,1.6912784270183,-1.23564582868639,-0.715414313054432
GTEX-1192X-2326-SM-5987X,none,0.130375966778441,-0.827913112855799,-0.105318142509314,-0.413796635058569,-0.046313242879016,0.037936850963531,-0.651616142167291,0.642577792202284,-0.21497452297943
GTEX-11DXW-0626-SM-5N9ER,none,3.67794685142095,0.890190336188103,-0.459293851028669,-0.331660935423424,0.381568208515782,2.04679646308289,-0.570181043045782,-0.124583968442385,-0.381638445905035
GTEX-11DXY-2326-SM-5GICW,b,-0.429160110223222,-1.01830578229772,-0.739037760479888,-0.841916047123531,-0.413068772645985,-0.808346747453704,-0.84900038519034,-0.203945529888385,-0.714966291756245
GTEX-11DXZ-1926-SM-5GZZL,c,-0.306255331616788,0.74955361769367,-0.662056635520339,-0.837847612143633,-0.358266222221036,-0.810322625108055,1.08288379452325,-0.283307091334386,-0.703765759301567
GTEX-11DZ1-0326-SM-5N9BN,b|c,-0.59614860536403,-1.3818288524855,-0.52115368358545,-0.844483829856745,-0.273954606182652,-0.780988441470389,-0.985477490366277,1.37667223557779,-0.711830142668935
GTEX-11EI6-0626-SM-5985T,none,1.06329956509775,0.191576167782545,-0.453107867772991,-0.2096412338542,-0.254984492574015,0.232180823445074,-0.847421311246156,-0.151037822257718,-0.322499634544336
GTEX-11EM3-1326-SM-5N9C6,none,-0.427913927423664,-1.04775318183807,3.88532838887588,1.31155327469505,-0.153810553327955,0.927385776598888,-0.478369172291061,-0.203945529888385,0.741998969948238
GTEX-11EMC-2026-SM-5A5JV,none,1.88827257840533,0.180914178293797,2.09070591325639,1.0903571335339,-0.339296108612399,0.751684655950482,-0.415882960499764,0.801300915094285,0.996923088616703
GTEX-11EQ9-1826-SM-5Q5AJ,none,-0.505333033846221,-0.30750648304788,-0.4881617728885,-0.776387565685016,4.63298144725128,-0.657420092779079,1.75060649092122,-0.481710994949386,-0.698837525021508
GTEX-11GS4-2126-SM-5A5KR,none,1.06143029089841,-0.064311579947398,-0.51909168916689,0.781289466372497,-0.214936474955783,1.60085607555484,-0.262036041937799,-0.375895579688052,0.016204466885119
GTEX-11GSO-1926-SM-5A5K3,a,-0.542874290682914,-1.14574194237751,-0.731477114278503,-0.82964404652843,0.70195234946164,-0.805002954500188,-0.58506945451952,-0.56768601984922,-0.689877099057766
GTEX-11I78-2226-SM-5PNYA,d,-0.480097832155166,0.436294212238562,0.208105009111707,-0.036832790691664,-0.366697383824874,-0.554522464164052,0.484865933661419,-0.931426509810054,-0.193469500666448
GTEX-11LCK-2426-SM-5HL5F,b,-0.342394632803978,0.273318087196276,-0.425614608858866,-0.483560290615502,-0.311894833399925,-0.518044722852964,-0.528448374520909,-1.88376524716206,-0.588624285667479
GTEX-11NSD-0926-SM-5N9DR,b|c,-0.474645782407099,0.467264753134447,-0.729415119859944,-0.809268523801238,-0.311894833399925,-0.406939602442943,-0.333094369426096,-1.65890748973172,-0.606097116296777
GTEX-11NV4-2026-SM-5N9DG,b|c,-0.305164921667174,-0.63345873313245,-0.667555287303163,-0.845851090792612,-0.166457295733712,-0.799987265069913,-0.783581607502701,1.97188394642279,-0.718102440843554
GTEX-11O72-2126-SM-5N9FO,d,-0.548637886130871,-0.997997230890582,-0.766531019394012,-0.84338335154251,-0.223367636559622,-0.809106700397685,-0.399866639065894,0.027525690995782,-0.678228545304901
GTEX-11OF3-1926-SM-59889,c,-0.393488127585867,-0.554763096429789,-0.575452869940846,-0.841615916674194,-0.166457295733712,-0.796339490938805,-0.494159911732905,-0.349441725872719,-0.706453887090689
GTEX-11ONC-2126-SM-5HL6E,c,-0.491625023051081,-0.805573706307947,-0.727353125441385,-0.837780916488225,0.33941240049659,-0.808346747453704,-0.305798948390909,-0.938039973263887,-0.692117205548702
GTEX-11P7K-0726-SM-5EGKX,none,1.2158011851937,1.79138230487987,0.386123860580664,1.98257826375652,-0.345619479815278,1.11311827610784,-0.527997210536856,0.225929594610783,0.135378132202891
GTEX-11P81-1926-SM-5BC53,g,-0.45252603771494,-0.762925748352956,-0.016652382511262,0.289475703392745,1.12772601045548,0.013010394400955,1.58570605474997,-0.561072556395386,1.36967680870838
GTEX-11P82-1326-SM-5HL62,c,-0.595992832514086,0.418016515972137,-0.908808634274608,-0.845350873377051,-0.404637611042147,-0.81533831453833,0.14378596171759,-0.878518802179388,-0.718102440843554
GTEX-11PRG-0826-SM-5EQ6A,none,0.340825087053844,-0.054157304243829,-0.149994688244767,1.02422839119671,-0.299248090994167,0.966599348508307,-0.646878920334738,1.58830306610045,0.552933982113277
GTEX-11TT1-2126-SM-5GU5Y,none,-0.160607716918415,-0.327307320669839,-0.345196826535052,0.324124096377283,-0.383559707032551,0.924953927178148,-0.714779099934667,-0.276693627880552,-0.427784639618307
GTEX-11TUW-1826-SM-5BC5D,c,-0.544743564882252,0.467264753134447,-0.712231833038616,-0.84158256884649,-0.383559707032551,-0.81853011690305,0.523891618281976,0.411106571318117,-0.714966291756245
GTEX-11WQC-1726-SM-5GU4W,e,-0.214660895849255,-0.663413846457979,-0.222851824367197,0.665038938996079,-0.208613103752904,0.565496184675138,-0.694927884636349,0.854208622724951,-0.089528559487039
GTEX-11WQK-2426-SM-5GU5C,b,-0.625278128303705,-1.29602522279034,-0.155493340027592,-0.840282003566031,-0.248661121371137,-0.718976281241539,-1.15037792653753,0.583056621117784,-0.718550462141741
GTEX-11ZTT-2326-SM-5EQLG,a,-0.582752140268779,0.889174908617746,-0.865506751484861,-0.837280699072664,1.13615717205932,-0.819138079258235,0.911215898591205,-1.57293246483189,-0.71407024915987
GTEX-11ZUS-0826-SM-5FQUY,d,-0.565149808225018,-0.74870976236796,-0.802272255982374,-0.838748003491644,-0.130624858917399,-0.817922154547865,-0.563639165277018,-1.18273812105572,-0.701973674108818
GTEX-1211K-1926-SM-5EQLB,f,-0.44177771106875,0.382984264794823,0.870005217469258,0.027828647226544,-0.269739025380733,-0.440833503744495,0.377940069440933,-0.402349433503386,0.029645105830733
GTEX-1269C-2426-SM-5FQSN,none,-0.209364618951132,-1.38335199384103,0.579951335925243,2.89820956902741,0.356274723704267,0.16515297378595,-0.055628519233696,-0.303147481695886,1.08563130565775
GTEX-12BJ1-1826-SM-5HL9N,c,-0.550974478880043,0.686089394546363,-0.640749359861892,-0.833612438025216,-0.299248090994167,-0.774604836740948,-0.012993522740717,-0.600753337118386,-0.70018158891607
GTEX-12KS4-0126-SM-5Q5A5,c|d,-0.512498584943682,-0.299890776270203,-0.785088969161046,-0.845984482103429,-0.303463671796086,-0.814274380416756,-0.439794651654556,-0.521391775672386,-0.708693993581625
GTEX-12WSK-2226-SM-5GCO5,d,-0.552376434529546,0.059570583636146,0.049331438882637,-0.573766164555035,-0.134840439719319,-0.551786633565721,-0.28910588098096,-0.157651285711552,-0.420616298847313
GTEX-12WSM-1726-SM-5BC6J,c,-0.610168161859061,-1.14117251831091,-0.849698127609239,-0.843483395025623,-0.236014378965379,-0.80333105802343,-0.526869300576724,-0.752862996556554,-0.718102440843554
GTEX-12WSN-1326-SM-5GCNT,c,-0.606273840610441,-1.04927632319361,-0.763094362029747,-0.779822391938537,-0.02312754846846,-0.721104149484686,-0.14112409421168,-0.871905338725554,-0.650899246115488
GTEX-12ZZX-1126-SM-5EGKB,e|g,-0.33694258305591,-0.947225852372737,0.630813864916374,0.833045294969227,-0.410960982245025,0.375811929857482,-0.231582473014243,-0.594139873664553,3.80512058565351
GTEX-13113-1726-SM-5GCOO,none,-0.412959733828965,-1.02947548557165,0.76896749095985,2.12760796644156,0.040106163560328,-0.090799177746849,1.75060649092122,0.840981695817285,1.72137352778526
GTEX-1313W-0826-SM-5EQ4T,none,0.442544758067788,-0.475559745941949,-0.376126742813442,-0.438407331904179,-0.288709138989369,-0.355110811663439,-0.426485314125002,-0.091516651173218,-0.263360823183637
GTEX-1314G-1226-SM-5BC6D,none,0.265275254830624,0.074294283406321,-0.670991944667429,-0.618218818884572,-0.400422030240228,-0.502997654562141,-0.874716732281343,0.212702667703116,-0.533517665990465
GTEX-131XW-0726-SM-5EGK3,g,0.200317976403649,-0.60705761630317,0.832201986462337,0.48746175647186,0.364705885308105,4.73125424240136,-0.417462034443948,1.97188394642279,1.33159499836247
GTEX-131YS-0626-SM-5EGKL,b,0.64318018879667,0.110341962153991,0.236972930971538,0.40946118747202,-0.096900212502046,1.1509639327181,-0.288429135004881,0.179635350433949,1.23751052574318
GTEX-132AR-0826-SM-5EGK6,d,-0.549105204680706,-0.611627040369776,-0.624253404513417,-0.843149916748582,-0.107439164506844,-0.813362436883979,1.6750365235924,-0.984334217440721,-0.702869716705192
GTEX-132NY-0826-SM-5K7Y7,b|c,-0.23989609754031,-0.571517651340678,-0.583700847615083,-0.832045090123124,-0.267631234979773,-0.78174839441437,-0.838398031565102,-0.918199582902388,-0.701973674108818
GTEX-133LE-1726-SM-5K7VQ,g,-0.420125284926425,-0.591318488962638,0.655557797939086,1.23301914045195,-0.314002623800884,0.142202394877724,-0.560481017388649,0.675645109471451,0.797553610923439
GTEX-1399U-1826-SM-5PNZ1,h,-0.367785607344977,0.003214353481337,3.09214786920338,2.06924926795942,-0.404637611042147,0.728278105275867,0.625629096685856,0.192862277341616,0.31682675796867
GTEX-139T6-1626-SM-5PNYZ,b|c,-0.204224114902954,2.40114656087919,-0.374752079867736,-0.845150786410827,-0.362481803022955,-0.808194756864908,0.082653241878452,-0.422189823864886,-0.703765759301567
GTEX-139T8-0826-SM-5L3DE,a|b,-0.407819229780787,-1.13914166317019,0.064452731285406,-0.331861022389648,1.79589556755967,0.697576006339035,-0.420394600340291,-0.594139873664553,0.022476765059739
GTEX-139TU-0626-SM-5KM3X,none,-0.01262350947087,-0.036387321762583,-0.725978462495678,-0.325758369919802,0.265639736463004,0.003131006129202,-0.484008722091719,-0.785930313825721,-0.590864392158415
GTEX-13CF2-2026-SM-5K7VI,none,1.7128723493675,0.718075363012606,-0.409118653510392,1.39542306137081,-0.391990868636389,2.57921949563598,-0.920735458654717,-0.151037822257718,0.011724253903248
GTEX-13CF3-2126-SM-5IFJP,c,-0.608921979059503,0.359121716891436,-0.636625371024773,-0.843083221093174,-0.286601348588409,-0.801507170957875,2.81783489519785,-0.223785920249885,-0.711382121370748
GTEX-13D11-1026-SM-5IJFB,e,-0.472309189657927,0.096633689954173,1.54015340350105,1.60197950616987,-0.278170186984571,0.221237501051747,-0.437313249742266,-0.078289724265552,0.444960849250184
GTEX-13FHO-0826-SM-5L3E8,none,-0.365760560295695,-0.869545643240433,-0.278525673668299,-0.227282234709657,0.217160557240934,-0.329120420979289,-0.822381710131232,-0.098130114627052,0.112529045995348
GTEX-13FTW-1426-SM-5LZWZ,a,-0.455485721863891,0.753615327975098,-0.5101563800198,-0.843816873302663,1.20571425529098,-0.80530693567778,0.375909831512696,-0.680114898564387,-0.69390929074145
GTEX-13FTX-1126-SM-5N9EN,d|f,-0.505333033846221,0.884097770765961,-0.710169838620057,-0.842849786299245,-0.086361260497248,-0.775364789684929,1.68721795116182,-0.514778312218553,-0.713622227861683
GTEX-13FTY-2226-SM-5J1ND,none,1.20022390019922,1.41161239356638,0.7799647945255,0.409794665749061,-0.280277977385531,1.68809867352386,-0.207219617875398,-0.111357041534718,1.97629764645373
GTEX-13N11-1726-SM-5J1OJ,none,-0.195189289606157,0.771893024241522,1.54427739233817,0.437273275777222,0.002165936343055,0.565952156441526,0.002346052717074,1.85284160425379,0.276056819833643
GTEX-13N1W-0626-SM-5MR4U,c,-0.506734989495724,0.037738890873472,-0.589199499397908,-0.846718134312918,-0.33297273740952,-0.816554239248699,-0.335124607354334,-0.058449333904052,-0.709142014879812
GTEX-13NZ8-0126-SM-5IJCT,c|d,0.061680139952792,-0.678645260013332,0.195045711127498,-0.105929489694515,-0.368805174225834,-0.022707393966152,-0.796214199056176,0.047366081357282,0.284121203201011
GTEX-13NZ9-1026-SM-5MR5K,none,0.708604785773479,0.175837040442012,0.565517374995328,0.103594911770211,0.693521187857802,0.095997255883679,-0.989312384230725,0.192862277341616,0.49200308555983
GTEX-13NZB-2126-SM-5MR4Y,x,4.07236370748114,1.71827151981417,-0.293646966071068,0.555824803265221,-0.366697383824874,2.15744561172653,-0.491678509820615,-1.16289773069422,0.429728125111822
GTEX-13O3O-0826-SM-5K7WE,none,-0.129297374079513,-1.04826089562325,0.644560494373436,2.81577373894293,-0.02523533886942,1.04897824763585,-0.195038190305975,1.58168960264662,0.752303459806541
GTEX-13O3P-0826-SM-5L3DH,f,-0.479318967905443,-1.1320336701777,0.355881275775127,-0.482960029716829,0.065399648371843,-0.030914885761147,-0.599506702009206,-0.356055189326552,0.061454618002017
GTEX-13O3Q-2226-SM-5KM4O,b,-0.204224114902954,-0.717739221472074,-0.609132112110649,-0.845150786410827,-0.360374012621995,-0.798011387415563,-1.12984996526314,-0.395735970049553,-0.689877099057766
GTEX-13O61-1826-SM-5KM4I,c,-0.582752140268779,-0.062280724806684,-0.57407820699514,-0.838647960008531,-0.324541575805682,-0.802875086257041,-0.643946354438396,-0.521391775672386,-0.718998483439928
GTEX-13OW5-2226-SM-5L3HC,none,1.92098487689373,-0.033341039051512,-0.52115368358545,-0.288742281168274,-0.38777528783447,0.084293980546372,-0.769595523997068,-1.53986514756272,0.126865727537336
GTEX-13OW8-0226-SM-5K7UP,c,-0.266689027730813,-1.14878822508858,-0.720479810712854,-0.497533030423511,-0.345619479815278,-0.662739763386946,-0.738239627105406,-0.184105139526885,-0.36371759397755
GTEX-13PL6-2926-SM-5L3I2,h,-0.08879643309387,-0.764448889708492,0.87481653777923,1.58303794003396,-0.210720894153864,0.528258490420069,0.543968415572321,0.860822086178785,3.73746936962726
GTEX-13PVQ-1026-SM-5KM3M,c,-0.585556051567785,-0.953826131580057,-0.355506798627849,-0.842983177610062,-0.345619479815278,-0.818986088669438,-0.815163086386389,1.18488179541662,-0.716310355650806
GTEX-13PVR-2226-SM-7DHKP,g,-0.341304222854364,-0.414126377935356,0.690611703054595,0.820673250891014,-0.031558710072299,0.201630715097038,1.17762823117432,-0.620593727479887,0.262168159589843
GTEX-13QIC-2326-SM-5LU5N,e,0.0091846895214,-0.834513392063119,0.683051056853211,0.391019838751665,0.223483928443812,0.297840757805031,-0.11518216512865,0.206089204249283,1.44270428031288
GTEX-13QJ3-0826-SM-7DHKK,none,-0.568109492373969,-1.3158260604123,-0.435924580951663,-0.839481655701133,13.567904956919,-0.807434803920927,0.538328865771662,-0.54784562948772,-0.689429077759579
GTEX-13SLW-2526-SM-62LDQ,none,0.100000261039209,0.032661753021687,-0.528714329786834,-0.112965881340076,-0.419392143848864,0.014530300288917,-0.933819214192245,-1.34146124394772,-0.347140805944627
GTEX-13SLX-2326-SM-5ZZWE,h,0.333659535956384,-0.790342292752593,0.468603637323038,0.769117509260509,-0.210720894153864,3.3022387265395,-0.761248990292093,2.53402833999862,1.57128639289258
GTEX-13VXU-2826-SM-664MA,a,-0.504242623896608,-1.06552316431932,-0.790587620943871,-0.842416264539092,0.071723019574722,-0.751654257832722,-0.71455351794264,0.702098963286784,-0.715414313054432
GTEX-13W3W-1226-SM-5LU4H,f,-0.346756272602431,-0.242011404759858,0.364129253449365,1.32495910143209,-0.410960982245025,-0.347359291634833,0.003248380685179,-1.24887275559406,0.136274174799265
GTEX-13W46-0826-SM-5LU3H,b,-0.381649390990063,-0.670521839450477,-0.110129462819286,-0.830444394393328,-0.379344126230632,-0.761837627282068,-0.47160171253027,0.953410574532452,-0.688533035163205
GTEX-144GL-2026-SM-5LU3O,c|d,-0.507669626595393,-0.352693009928762,-0.739725091952741,-0.837880959971338,-0.341403899013359,-0.777492657928076,-0.563188001292965,-0.871905338725554,-0.682708758286773
GTEX-144GM-0926-SM-5O994,c|d,-0.363735513246413,0.24590154279664,-0.589886830870761,-0.837780916488225,0.075938600376641,-0.793451669751677,0.963776502733343,-0.223785920249885,-0.705109823196128
GTEX-145LT-0726-SM-5S2VM,none,0.568409220823174,-0.007447636007411,-0.270965027466915,0.795528988802139,0.623964104626135,1.67533146406498,-0.800725838896703,-0.276693627880552,-0.359237380995679
GTEX-145ME-1526-SM-5Q5F2,c,-0.566863309574411,-0.333399886091981,-0.853134784973505,-0.837680873005113,-0.330864947008561,-0.77414886497456,0.464563554379048,0.126727642803282,-0.702421695407005
GTEX-145MF-2226-SM-7EPIR,c,-0.288964545272917,-0.62330445742888,-0.818080879857996,-0.847018264762255,-0.408853191844066,-0.794211622695658,-0.988184474270593,0.100273788987949,-0.71720639824718
GTEX-145MN-1926-SM-5SIAI,d,-0.445827805167314,0.470311035845518,-0.310142921419543,-0.841049003603225,-0.28449355818745,-0.779924507348815,-0.419717854364212,-0.415576360411053,-0.712726185265309
GTEX-145MO-0826-SM-5NQBL,none,0.775275565549846,-0.328830462025375,-0.755533715828362,-0.395622068959846,-0.379344126230632,-0.158890961527546,-0.37911309579947,-0.779316850371887,-0.526349325219471
GTEX-146FH-0826-SM-5SI8T,c,-0.241609598889702,-0.489775731926946,-0.282649662505418,-0.508337726599632,-0.155918343728915,-0.592520111363102,-0.584618290535468,-0.111357041534718,0.057422426318334
GTEX-14753-2426-SM-5LU8U,b,-0.540226152233853,-0.97565782434273,-0.849010796136386,-0.829710742183838,-0.391990868636389,-0.798619349770748,-0.748165234754566,-0.375895579688052,-0.709590036177999
GTEX-147F4-2826-SM-5NQBN,none,1.0154773001647,0.331705172491799,-0.365816770720645,0.349235010638454,-0.227583217361541,1.48914299278964,0.568782434695218,0.311904619510616,0.22229426405119
GTEX-14A5I-0726-SM-5TDEB,h,-0.198772065154887,-0.444589205046063,0.414304450967642,1.62732385522497,-0.172780666936591,0.783602679597683,0.634426794374884,0.721939353648284,0.654186795503564
GTEX-14AS3-1626-SM-5S2OY,e,-0.426200426074271,-1.07821600894878,0.258280206629985,1.61625237642722,-0.354050641419116,0.832695639778856,-0.925923844471323,0.331745009872116,1.54843730668504
GTEX-14B4R-1226-SM-5TDDT,d,-0.591631192715632,-0.459820618601417,-0.787150963579606,-0.832878785815726,0.014812678748813,-0.805762907444169,-0.168419515246867,-1.18935158450956,-0.701077631512444
GTEX-14BMU-1626-SM-5TDE7,h,-0.493182751550528,0.336782310343584,2.53059805588239,2.0117909608253,-0.054744404482854,0.348149642696573,0.184165138290305,-0.084903187719385,1.87459681176525
GTEX-14BMV-0626-SM-793AU,d,-0.395357401785204,0.126081089494524,-0.818768211330849,-0.844250395062817,-0.400422030240228,-0.816554239248699,0.097992817336243,-0.541232166033886,-0.701525652810631
GTEX-14DAR-1326-SM-7DUEG,d,-0.52776432423827,1.21766572762821,-0.814644222493731,-0.745040607643183,-0.183319618941389,-0.813058455706387,0.117844032634561,-0.918199582902388,-0.67374833232303
GTEX-14E6C-1326-SM-62LEQ,b|c,-0.58960614566635,-0.700476952776006,-0.057204939409596,-0.747875172998029,-0.240229959767298,-0.747246530757632,-0.077961136444304,0.490468132764117,-0.708693993581625
GTEX-14E6E-1326-SM-5S2NR,d,-0.533216373986338,1.01813421005307,-0.602946128854971,-0.830744524842665,-0.029450919671339,-0.820050022791012,0.841962227039118,-0.693341825472053,-0.708693993581625
GTEX-14E7W-0826-SM-62LEJ,b,-0.180702414561292,-0.665444701598692,-0.613256100947767,-0.847018264762255,0.042213953961287,-0.816250258071107,-0.610334637626471,-0.70656875237972,-0.707797950985251
GTEX-14H4A-2526-SM-5YYAY,h,-0.510006219344565,-0.987335241401835,2.27422341650818,0.534415497879203,-0.130624858917399,3.11179451877786,-0.184210254688711,0.186248813887783,0.489314957770708
GTEX-14ICK-2426-SM-6EU27,none,0.228512862243655,0.197668733204686,-0.453107867772991,0.190165872489999,-0.366697383824874,0.884828411735952,-0.434831847829977,0.120114179349449,-0.456458002702282
GTEX-14LLW-0626-SM-62LFC,e,-0.063561231402815,-0.939102431809881,0.667242432977589,0.868160557541622,-0.408853191844066,0.806401267917113,-0.762151318260199,-0.078289724265552,-0.128506412429317
GTEX-14PHY-1926-SM-5YY95,h,-0.283512495524849,-0.081066134858287,2.63026111944609,2.27133710384614,0.122309989197752,0.392530894625063,-0.477692426314982,0.523535450033284,0.154195026726749
GTEX-14PJ4-2126-SM-6ETZJ,c,-0.485238336203344,0.861758364218109,-0.504657728236975,-0.843183264576286,-0.425715515051743,-0.816554239248699,-0.9094563590534,-0.613980264026053,-0.711382121370748
GTEX-14PJO-0726-SM-69LO8,none,0.160128581117895,-0.693368959783508,-0.666180624357457,-0.530680771161365,-0.269739025380733,0.518987064503501,-0.727411691488142,-0.924813046356221,-0.540686006761459
GTEX-14PKU-0426-SM-6EU1P,f,-0.53165864548689,-0.184639747034693,0.45142035050171,0.590739978871392,-0.261307863776894,-0.303282020883935,-0.478143590299034,-0.382509043141886,-0.061303217701251
GTEX-14PN4-0626-SM-62LFP,none,-0.267000573430702,-1.07263115731182,-0.393997361107623,0.894071819667691,-0.324541575805682,1.7584703161365,-1.01525431331375,0.073819935172616,-0.476618961120702
GTEX-15DCZ-0726-SM-69LOV,h,-0.516237133342356,-1.22545300665053,0.306393409729703,0.1108647382097,0.063291857970883,-0.423202595444136,-0.9557006674188,0.788073988186618,1.16985930971693
GTEX-15EOM-5019-SM-793DK,d,-0.574340406371761,1.25675968908695,0.524277486624141,0.281839050848511,-0.343511689414318,-0.498741918075847,1.8814440462965,1.01954520907079,-0.140154966182182
GTEX-15ER7-1626-SM-6PAMZ,none,-0.296908960620101,-0.127775803094705,1.06039603544957,1.43504028068326,0.914839179958559,0.784210641952868,1.45103360551024,0.966637501440118,5.47265585750593
GTEX-15ETS-0626-SM-7KUMX,e|g,-0.287874135323303,-0.255719676959677,1.71404826613289,1.40365997481372,-0.094792422101086,0.384931365185254,0.138597575900984,0.179635350433949,1.00722757847501
GTEX-15FZZ-0726-SM-7KUFZ,h,-0.150638254521949,0.294134352388593,0.500220885074282,2.0061218301156,-0.008373015661743,0.553336937571442,0.165892996936172,0.179635350433949,2.97090492842911
GTEX-15G19-2126-SM-6M48J,none,1.24461916243348,-0.413110950364999,-0.607070117692089,-0.669240995271812,-0.370912964626793,0.211358112779994,-1.2494084210371,0.245769984972283,-0.598032732929409
GTEX-15RJE-2626-SM-7KFT1,c,-0.608610433359613,-1.40822996931478,-0.816018885439437,-0.836413655552358,-0.402529820641187,-0.771109053198636,-1.03330087267586,0.034139154449616,-0.713622227861683
GTEX-15SHW-1326-SM-6PAL8,none,0.468870369708457,-0.021155908207229,-0.053080950572477,-0.68361390901227,1.3406128409524,0.121227693623848,-0.594769480176653,5.15295986771663,-0.278145526023812
GTEX-15UF6-0126-SM-6PAMB,y,-0.460781998762013,-1.04521461291218,0.933239712971745,3.98027988236935,-0.324541575805682,0.380219656932571,0.938736901618419,1.27747028377029,1.03993313324267
GTEX-15UF7-0726-SM-6M46D,c|d,-0.565772899624798,-0.384678978395005,-0.505345059709828,-0.846918221279143,0.162358006815984,-0.797555415649174,0.497272943222868,-1.59938631864722,-0.714518270458057
GTEX-16BQI-1026-SM-7KUEA,f,-0.480720923554946,-0.394833254098574,-0.122501429330642,-0.078951097081916,-0.257092282974975,-0.424722501332098,-0.061042487042328,-0.342828262418886,-0.519180984448477
GTEX-16NGA-0826-SM-718AF,a,-0.099077441190225,2.05742432831338,7.25875125763898,2.79583173797589,0.054860696367045,3.34570803493521,1.82459738430586,1.46926072393145,2.48704192638703
GTEX-16YQH-2826-SM-6PAMY,a,-0.519352590341252,0.454571908504986,-0.801584924509521,-0.837714220832817,0.434262968539772,-0.799683283892321,0.883469313571965,0.47724120585645,-0.70018158891607
GTEX-17EUY-1926-SM-7DUF6,none,0.273842761577587,0.440863636305168,0.710544315767335,0.530180323760785,-0.366697383824874,0.529170433952846,-0.724253543599773,-0.210558993342219,-0.27232124914738
GTEX-17EVP-0226-SM-79OND,none,0.710941378522651,0.552560669044428,-0.68886256296161,-0.023093485677584,-0.345619479815278,0.613069238968348,-0.539953056114252,-0.56768601984922,-0.307714931704161
GTEX-17EVQ-0426-SM-7LG57,c,-0.467168685609749,-0.871576498381146,-0.419428625603188,-0.843483395025623,-0.398314239839268,-0.801355180369079,-0.698311614516744,-0.078289724265552,-0.693461269443263
GTEX-17F96-2426-SM-7IGLN,a,-0.557984257127558,0.106787965657742,-0.620816747149152,-0.798230392831188,0.819988611915378,-0.72976761304607,0.758271307997345,1.05922598979379,-0.675092396217592
GTEX-17F97-2526-SM-7EWDV,b,-0.58929459996646,-1.51231129527636,-0.674428602031695,-0.811536176085115,-0.328757156607601,-0.79010787679816,-0.938556436024798,-0.237012847157552,-0.692565226846889
GTEX-17F98-0526-SM-79OK5,f,-0.45252603771494,0.485542449400872,0.25278155484716,0.02346008179731,-0.210720894153864,-0.516676807553799,0.010692586422049,-1.18273812105572,0.334299588597967
GTEX-17GQL-0326-SM-7LG5U,d,-0.521689183090424,0.885113198336318,-0.730102451332797,-0.828176742109451,0.23823846125053,-0.803787029789818,0.223867568886942,-0.620593727479887,-0.710934100072561
GTEX-17HG3-0126-SM-7IGNH,a,-0.16076348976836,-0.472513463230878,0.489910912981485,0.110731346898884,1.03709102321422,0.659426368551189,0.129123132235878,0.523535450033284,1.40193434217785
GTEX-17HGU-1326-SM-79OKB,c,-0.439596891169523,0.053985731999183,-0.807083576292346,-0.836647090346287,0.18554370122654,-0.820202013379808,-0.332192041457991,-0.944653436717721,-0.709142014879812
GTEX-17HHE-1426-SM-7EPH4,none,2.32692892384984,1.98329811567732,-0.10669280545502,0.304915747619734,-0.273954606182652,0.318815459058907,0.310716635817083,0.153181496618616,0.026508956743423
GTEX-17HHY-0926-SM-793C1,none,1.95868190658037,1.59235850108991,-0.530776324205393,0.143445565876585,-0.193858570946187,0.459102772517799,-0.197970756202318,-0.501551385310886,-0.19481356456101
GTEX-17JCI-0726-SM-7EPH1,y,0.344875181152409,-0.51465370740069,0.740786900572872,3.32542858974436,0.094908713985277,0.593158471836046,1.68563887721764,0.252383448426116,2.11832039797904
GTEX-17KNJ-2026-SM-7LG53,none,2.69408553116969,2.93881545938318,-0.354132135682142,-0.536816771458915,0.088585342782399,-0.141868015582372,-0.701920926389165,-0.911586119448554,-0.573391561529118
GTEX-17MF6-0326-SM-7EPH5,c,-0.578857819020159,-1.35390459430068,-0.547272279553868,-0.848052047421082,-0.356158431820076,-0.76335753317003,-1.06826608143994,-0.203945529888385,-0.718998483439928
GTEX-17MFQ-0926-SM-7LG4S,b,-0.016829376419379,1.49183117162458,-0.095008170416517,-0.840815568809296,-0.221259846158662,-0.802875086257041,-0.093526293894122,-0.699955288925887,-0.694805333337825
GTEX-183FY-1126-SM-7DHLJ,a,-0.549416750380595,-0.427326936349996,-0.616692758312033,-0.843883568958072,0.948563826373913,-0.792995697985288,1.33192631372033,-1.01740153470989,-0.704661801897941
GTEX-183WM-0726-SM-7LTAA,b,-0.515614041942577,-1.42143052772942,-0.589199499397908,-0.844617221167561,-0.080037889294369,-0.795123566228435,-0.637855640653684,0.404493107864283,-0.70331773800338
GTEX-18465-2026-SM-718AP,c,-0.438350708369964,0.451525625793915,-0.865506751484861,-0.844083655924296,-0.122193697313561,-0.798771340359544,-0.02517495031014,0.960024037986285,-0.705109823196128
GTEX-18A6Q-0926-SM-7LG4N,c,-0.250021332786721,0.462695329067841,-0.578202195832258,-0.841215742741746,-0.278170186984571,-0.800747218013894,0.307332905936688,0.953410574532452,-0.702869716705192
GTEX-18A7A-0726-SM-7LTAI,h,0.375562432591531,0.311904334869839,1.07964131668946,1.98714691615198,0.177112539622701,1.20917632822704,1.75692278669796,1.08567984360912,2.29215266167564
GTEX-18A7B-2626-SM-7LG55,a,-0.58540027871784,-0.618735033362274,-0.738350429007035,-0.835746698998277,2.60739487192911,-0.806978832154539,-0.413401558587474,-0.534618702580053,-0.710934100072561
GTEX-18D9A-1526-SM-7LG4J,i,-0.598173652413313,0.877497491558641,-0.653808657846101,-0.834612872856338,1.34904400255624,-0.746638568402448,2.34524062190266,-0.971107290533054,-0.693461269443263
GTEX-18QFQ-0826-SM-718AX,none,2.41665408541803,3.25867514404561,0.240409588335803,0.490663147931452,-0.290816929390329,0.729494029986237,-0.675076669338031,0.33835847332595,0.012620296499622
GTEX-1A3MV-1626-SM-731C1,none,0.331322943207213,1.75685776748773,-0.363067444829233,0.154216914225002,-0.295032510192248,0.29069720013161,-0.699213942484849,-0.514778312218553,-0.36685374306486
GTEX-1A3MX-2726-SM-718B6,b,-0.503775305346774,-0.251657966678249,-0.505345059709828,-0.834246046751593,-0.383559707032551,-0.717304384764781,-0.140898512219653,1.33037799140095,-0.712278163967122
GTEX-1A8G7-2426-SM-731AK,none,3.22573826803124,0.610440040554773,-0.76171969908404,0.293210660095602,-0.383559707032551,1.63778978863232,-0.634246328781263,-0.170878212619218,-0.1047612836254
GTEX-1AMEY-1026-SM-718AA,c,-0.338811857255248,2.0025912395141,-0.004280415999906,-0.843716829819551,-0.246553330970177,-0.766853316712342,0.612996505132381,0.887275939994118,-0.704661801897941
GTEX-1AX8Z-0926-SM-731AW,none,0.085201840294454,0.754630755545455,-0.063390922665274,0.138410043893269,1.32796609854664,0.140530498400966,-0.377759603847312,-0.210558993342219,-0.230207247117791
GTEX-1AX9I-0726-SM-73KWV,b,-0.485705654753179,-0.808619989019018,-0.681989248233079,-0.831845003156899,-0.244445540569218,-0.809258690986482,-0.655676618023765,1.81316082353079,-0.665683948955662
GTEX-1AX9J-1126-SM-731B7,b,-0.53851265088446,-0.462866901312488,-0.616692758312033,-0.845250829893939,-0.295032510192248,-0.793299679162881,-0.574692682886309,-0.957880363625388,-0.718998483439928
GTEX-1B8KE-1226-SM-73KWK,b,-0.292235775121757,-0.31715304496627,-0.484037784051381,-0.648832124716916,-0.33718831821144,-0.294162585556163,-1.04097066040476,-0.733022606195054,-0.370885934748544
GTEX-1B8KZ-1526-SM-7DUG7,none,1.93905452748733,1.01965735140861,-0.618067421257739,-0.563761816243811,-0.362481803022955,0.15755344434614,-0.834337555708628,0.781460524732785,-0.452873832316785
GTEX-1B932-0826-SM-73KXG,h,-0.307813060116236,-0.750740617508673,1.0335901080083,1.11520126517344,-0.071606727690531,0.024257697971874,0.171758128728857,0.384652717502783,1.90551028134016
GTEX-1B933-2526-SM-7IGO5,f,-0.3476909097021,-0.720277790397966,-0.10875479987358,0.636026328893531,-0.12640927811548,0.156185529046974,0.4607286605146,0.47724120585645,0.27650484113183
GTEX-1B97I-0426-SM-79OL7,none,0.109346632035896,2.35596003399831,-0.528026998313981,-0.27660367188399,-0.370912964626793,0.016202196765675,-0.616199769419156,-1.03724192507139,-0.446601534142165
GTEX-1B97J-0426-SM-79OLQ,b,-0.35843923634829,0.987671382942367,-0.062016259719568,-0.139877578297267,-0.362481803022955,-0.431410087239131,-0.652969634119449,-0.957880363625388,0.007692062219564
GTEX-1BAJH-0826-SM-7EWEF,none,0.942731379240489,0.265194666633421,-0.688175231488757,0.205339134095355,-0.354050641419116,2.45960290225337,-0.786063009414991,-0.389122506595719,-0.275009376936502
GTEX-1C64O-0726-SM-7DUFU,none,1.31378230780896,1.13186209793305,-0.363067444829233,0.65270024274557,-0.33718831821144,0.911122783597694,-0.309633842255357,-0.098130114627052,-0.077880005734174
GTEX-1C6VQ-0426-SM-79OOX,a,-0.587892644316957,-1.42447681044049,-0.704671186837232,-0.845050742927715,2.38607687982836,-0.817770163959069,-0.099842589670859,-0.375895579688052,-0.707349929687064
GTEX-1C6VS-0726-SM-7EPHF,none,1.05052619140228,0.06464772148793,0.942175022118835,2.20310744836359,-0.265523444578813,2.87286531319023,-0.519876258823907,2.13060706931479,-0.062199260297625
GTEX-1CAMR-1426-SM-793BO,d,-0.366383651695474,2.35291375128724,-0.846261470244974,-0.842182829745164,-0.408853191844066,-0.816554239248699,5.55279096652522,-0.144424358803885,-0.706453887090689
GTEX-1CAMS-1426-SM-7IGPM,d|f,-0.461405090161792,-0.594872485458887,2.59726920874914,0.456615015845588,-0.375128545428712,0.764451865409362,-1.07593586916884,0.464014278948784,0.792625376643381
GTEX-1CB4E-0226-SM-79OLW,none,0.399862997182917,1.35779473233746,-0.543835622189603,0.339330705810343,-0.38566749743351,1.30189058739272,-0.915998236822164,-0.256853237519052,-0.257984567605392
GTEX-1CB4G-2326-SM-79OOI,none,1.4665954736048,0.645472291732086,-0.246908425917056,1.23298579262424,-0.012588596463662,1.82519418461803,-0.382496825679865,0.272223838787616,0.129553855326458
GTEX-1CB4J-1826-SM-7EWF9,b,-0.231017045093457,-0.688291821931723,0.548334088174,1.01955969531814,-0.341403899013359,0.763691912465381,-1.22797813179459,-0.117970504988552,-0.241407779572469
GTEX-1E2YA-2726-SM-7IGPW,c|d,-0.332580943257456,-0.567963654844429,-0.678552590868813,-0.139477404364818,-0.257092282974975,-0.471079630914939,-0.800500256904677,-0.342828262418886,-0.548750390128827
GTEX-1EKGG-2626-SM-7IGPY,b|c,-0.358595009198235,-1.0259214890754,-0.857946105283477,-0.847084960417663,-0.349835060617197,-0.803027076845837,-1.00893801753702,-0.799157240733387,-0.714518270458057
GTEX-1EU9M-2826-SM-7EWFH,none,1.91272891584666,0.821648975189011,-0.873754729159098,-0.318421847824904,-0.370912964626793,0.421713087673934,-0.752676874595092,-1.32823431704006,-0.26918510006007
GTEX-PSDG-1626-SM-48TCQ,b|c,-0.598952516663037,-0.546131962081755,-0.87856604946907,-0.834646220684042,-0.38566749743351,-0.804850963911392,-0.102775155567201,-1.58615939173956,-0.718998483439928
GTEX-Q2AG-0326-SM-48U1O,b,-0.093313845742268,-0.640566726124948,0.006029556092891,-0.261497105934042,0.050645115565126,0.729190048808644,-0.411371320659237,-0.197332066434552,0.537701257974916
GTEX-QDT8-0626-SM-48TYW,g,-0.35485646079956,-1.20108274496197,0.238347593917244,0.892604515248712,-0.254984492574015,0.307568155487988,0.473361252068076,-0.223785920249885,1.0457574101191
GTEX-QEG5-0726-SM-4R1JQ,none,0.661872930790044,0.128111944635237,-0.322514887930899,-0.055240791584316,-0.413068772645985,0.450135327778823,-1.12037552159803,-0.157651285711552,-0.446601534142165
GTEX-QEL4-2126-SM-447AE,none,1.40163819517782,-0.286182504070384,-0.65793264668322,-0.592074121964574,-0.379344126230632,0.116212004193574,-0.694025556668244,0.523535450033284,-0.482443237997134
GTEX-QMRM-1626-SM-4R1KV,b|c,-0.422929196225431,0.139281647909163,-0.814644222493731,-0.846051177758837,0.193974862830378,-0.826433627520452,0.382677291273486,-1.39436895157839,-0.709142014879812
GTEX-QVJO-1826-SM-447C9,c,-0.490534613101467,-1.18331276248072,-0.576140201413699,-0.615284210046613,-0.210720894153864,-0.559538153594327,-0.801177002880756,-0.561072556395386,-0.489163557469941
GTEX-R3RS-0626-SM-48FE1,y,-0.262015842232469,-1.13761852181466,0.500220885074282,1.4836614134758,-0.314002623800884,0.373532071025539,-0.061042487042328,0.100273788987949,3.45252782398025
GTEX-R53T-1526-SM-48FEK,c,-0.29753205201988,-0.507038000623014,-0.511531042965506,-0.623854601766561,-0.204397522950985,-0.626869984431043,0.209881485381308,-1.14305734033272,-0.092216687276161
GTEX-R55D-0826-SM-48FEA,c|d,-0.533372146836283,-0.564917372133358,-0.717730484821441,-0.836146872930726,-0.18121182854043,-0.797403425060378,-0.584392708543441,-1.03724192507139,-0.713622227861683
GTEX-REY6-2426-SM-48FF5,c|d,-0.561411259826344,-0.097820689769176,-0.535587644515365,-0.838948090457868,-0.058959985284773,-0.810170634519259,0.284323542750001,-0.051835870450218,-0.712726185265309
GTEX-RU1J-0626-SM-4WAWY,h,-0.251267515586279,-1.36659743893014,2.1243851554262,0.213742786676783,-0.33718831821144,0.748340862996965,-0.458517956992743,-0.329601335511219,0.918967382732146
GTEX-RU72-0626-SM-46MUI,d,0.679631035683749,-0.608580757658705,0.390935180890636,0.432337797277018,-0.413068772645985,0.799561691421284,-0.521229750776066,0.173021886980116,2.82977821950017
GTEX-RUSQ-2026-SM-4GIAK,c,-0.602691065061711,-0.306998769262701,-0.580264190250818,-0.83904813394098,-0.38777528783447,-0.797555415649174,0.271916533188552,0.020912227541949,-0.710038057476186
GTEX-RWS6-1926-SM-47JXY,f,-0.33008857765834,0.009306918903478,0.853509262120783,0.760447074057448,-0.187535199743308,-0.190353013408359,0.333500417011744,-0.494937921857053,0.781424844188703
GTEX-S32W-2026-SM-4AD6E,d|f,-0.613283618857957,-0.871068784595968,-0.676490596450254,-0.817105263311696,-0.356158431820076,-0.792691716807696,0.253193227850366,-0.50816484876472,-0.704661801897941
GTEX-S33H-0326-SM-4AD6N,none,0.473076236656966,0.030123184095795,-0.659307309628926,-0.78295708774272,0.023243840352651,-0.642069043310663,-0.657030109975923,-0.349441725872719,-0.584592093983795
GTEX-S341-1526-SM-4AD6K,none,0.183182962909723,0.131665941131487,1.02740412475262,0.056040909464195,-0.328757156607601,-0.085631497727779,-0.649134740255001,1.60814345646195,0.077583384736753
GTEX-S4P3-1326-SM-4AD6V,g,-0.426356198924216,-0.665952415383871,0.405369141820551,0.429836710199213,-0.271846815781692,0.022737792083912,-0.368961906158285,-0.157651285711552,0.38044578231124
GTEX-S4Q7-1126-SM-4AD6R,c,-0.523091138739927,0.401261961061248,-0.647622674590423,-0.841615916674194,-0.240229959767298,-0.801811152135468,0.313198037729373,-0.825611094548721,-0.716758376948993
GTEX-S4UY-0726-SM-4AD6X,c,-0.3835186651894,-0.058726728310435,-0.136248058787704,-0.203405190073537,-0.295032510192248,-0.183361446323734,-0.227973161141821,-1.08353616924822,-0.068023537174058
GTEX-S7SE-0826-SM-4AT4D,b,-0.413271279528854,-1.24373070291696,-0.742474417844153,-0.846084525586541,-0.195966361347147,-0.798619349770748,-0.765535048140594,0.034139154449616,-0.713174206563496
GTEX-SE5C-2126-SM-4BRUJ,h,-0.558918894227227,-0.53445454502265,-0.024213028712646,1.35563910291984,0.113878827593914,-0.323800750371422,0.760978291901662,-1.42082280539372,0.281881096710076
GTEX-T2IS-1526-SM-32QPR,y,-0.229459316594009,-0.795419430604378,1.24528820164706,1.22674974884358,-0.356158431820076,2.52495885543573,-0.05044013341709,2.06447243477646,1.03590094155898
GTEX-T2YK-2226-SM-32QPT,none,0.128974011128938,-1.19245161061393,-0.728727788387091,-0.720863432557726,-0.305571462197046,-0.153571290919679,-1.09556150247513,-0.620593727479887,-0.564879156863563
GTEX-T5JC-2126-SM-32PMO,x,7.3943755054036,3.1952109208983,0.386123860580664,1.28110670800123,-0.037882081275177,4.83111205924046,-0.379789841775549,1.77348004280779,-0.081016154821484
GTEX-T5JW-2026-SM-4DM63,none,-0.484147926253731,-0.181593464323622,0.569641363832446,-0.237653409125626,2.56313127350896,-0.104478330738507,-0.016828416605165,-0.911586119448554,-0.196157628455571
GTEX-T6MN-0726-SM-32PML,x,6.11844009150588,3.19216463818723,-0.152056682663326,0.273402050439379,0.069615229173762,3.89241818283514,-0.362420028389521,1.44942033356995,-0.083256261312419
GTEX-T6MO-0326-SM-32QOK,h,-0.468882186959142,0.378414840728217,1.4425523343559,0.29637870372749,-0.210720894153864,0.756852335969552,1.43794984997271,0.047366081357282,0.849972102811331
GTEX-TKQ1-0226-SM-33HB5,i,-0.5463012933817,2.47578048730043,-0.00084375863564,-0.8285769160419,-0.320325995003763,-0.782660337947147,2.23741242971407,-0.719795679287387,-0.684500843479521
GTEX-TKQ2-1826-SM-33HB2,a,-0.07773656074779,1.9980218154475,-0.467541828702907,-0.8424829601945,1.26894796731977,-0.787068065022237,-0.030814500110798,1.38989916248545,-0.675988438813966
GTEX-TML8-1226-SM-32QON,e|g,-0.381805163840008,0.420555084898029,0.369627905232189,0.70102124508878,-0.048421033279975,-0.195672684016227,0.581189444256667,1.63459731027729,1.05471783608284
GTEX-TMMY-0726-SM-33HBE,h,-0.259523476633353,1.71370209574756,2.75260612161394,2.02262900482912,0.335196819694671,0.547865276374779,0.680219938756231,3.19537468538196,2.21509299838746
GTEX-U3ZH-1426-SM-4DXSR,none,1.88359939290698,0.584038923725493,-0.052393619099624,-0.196468841911089,-0.318218204602803,0.209990197480829,-0.236319694846796,-0.422189823864886,0.474082233632346
GTEX-U3ZN-1926-SM-4DXSG,c,-0.431652475822339,-0.952302990224521,-0.115628114602111,-0.332361239805209,-0.305571462197046,-0.454816637913746,-0.299933816598224,-0.898359192540887,0.051150128143714
GTEX-U412-1826-SM-4DXTJ,none,0.17103268061403,-0.122190951457742,-0.399496012890448,-0.443542897370608,-0.400422030240228,0.272154348298474,-0.522132078744171,0.794687451640451,-0.665235927657475
GTEX-U8XE-0826-SM-4E3J1,a,-0.571692267922699,-0.027756187414549,0.251406891901453,-0.84395026461348,2.79288042721356,-0.821873909856566,0.308009651912767,-0.210558993342219,-0.716310355650806
GTEX-UJHI-1426-SM-3DB9C,c,-0.462339727261461,-0.818266550937408,0.154493154229164,-0.164221492521245,-0.23390658856442,-0.474119442690863,-0.847872475230209,-0.62720719093372,0.442272721461061
GTEX-UPK5-2326-SM-3P5Z8,none,3.29490141340672,2.32143549660618,0.051393433301197,0.647331242485213,-0.23179879816346,0.48782899380028,-0.095105367838306,1.60814345646195,0.358940759998258
GTEX-UTHO-1026-SM-3GAF7,b,-0.51701599759208,-0.118129241176315,-0.452420536300138,-0.839915177461286,-0.267631234979773,-0.785244177956682,1.58209674287755,1.64121077373112,-0.701525652810631
GTEX-V955-2026-SM-3GAFA,i,-0.577611636220601,1.16384806639929,-0.844199475826414,-0.834246046751593,0.196082653231338,-0.801051199191487,1.35583800487513,0.37803925404895,-0.675540417515779
GTEX-VJWN-0726-SM-3GIJ8,b,-0.073063375249446,0.178375609367905,0.413617119494789,0.428402753607937,-0.164349505332753,1.12725340086589,1.48802905220256,3.06971887975913,1.38177338375943
GTEX-VUSG-2226-SM-4KKZO,none,3.22044199113312,1.0176264962679,-0.336948848860814,-0.164688362109102,-0.33297273740952,0.815824684422478,-0.73124658535259,-0.131197431896218,-0.193469500666448
GTEX-W5X1-2326-SM-3GIL6,b,-0.352519868050388,-0.135391509872382,-0.046207635843946,-0.472188681368411,-0.419392143848864,-0.492358313346407,-0.589129930375994,3.86333449421913,1.06636638983571
GTEX-WFON-1826-SM-3GILG,a,-0.557984257127558,1.79645944273165,-0.81670621691229,-0.840148612255215,1.07292346003053,-0.81290646511759,3.62180911477973,-0.80577070418722,-0.702421695407005
GTEX-WI4N-1426-SM-3LK7H,none,-0.561255486976399,-0.977688679483444,0.886501172817733,1.89924204232403,-0.004157434859824,-0.420162783668212,0.609838357244013,0.450787352041117,0.559654301586084
GTEX-WOFL-0826-SM-3MJG1,a,-0.452837583414829,-1.15437307672555,0.284398802598403,-0.491096899676624,-0.004157434859824,-0.304649936183101,0.007760020525706,1.07245291670145,-0.141499030076743
GTEX-WRHU-0326-SM-3MJFY,h,0.040962350910136,0.749045903908492,0.887875835763439,1.19773713874103,-0.094792422101086,0.84652678335931,1.44426614574945,1.34360491830862,0.839219591654841
GTEX-WXYG-2226-SM-4E3IM,none,-0.259056158083518,1.02727305818629,1.78140675047249,1.47459080434029,-0.295032510192248,0.104508728856266,1.59946655626357,1.26424335686262,1.11340862614535
GTEX-WY7C-2726-SM-3NB3P,a,-0.422150331975707,1.3781032837446,-0.801584924509521,-0.838914742630164,1.68839825711073,-0.801355180369079,5.02154537530318,-0.673501435110553,-0.680468651795837
GTEX-WYBS-0926-SM-3NM94,none,0.076322787847601,-0.526838838244973,2.14500509961179,4.76211970289148,2.39661583183315,1.60921555793864,2.56315282620011,0.834368232363451,1.91536674990028
GTEX-WYJK-1326-SM-3NB2T,none,0.980739954627016,5.36416421118068,-0.091571513052252,0.531881062973693,-0.109546954907803,0.903979225924273,-0.052470371345327,0.986477891801619,-0.238271630485159
GTEX-WYVS-1726-SM-3NMAY,none,1.03977786475609,1.0364119063195,0.631501196389227,0.75024263878,-0.088469050898208,1.39840461127831,0.921141506240364,3.32764395445863,3.78003139295503
GTEX-X15G-1626-SM-3NMB3,e,0.539279697883499,0.258594387426101,1.69205365900159,1.36447627726142,-0.257092282974975,0.229900964613131,0.525696274218187,-0.137810895350052,1.08159911397407
GTEX-X261-0626-SM-3NMD9,none,-0.244101964488819,-0.102390113835783,-0.183673930414569,-0.463985115753208,-0.286601348588409,-0.262852524264146,-0.724027961607747,1.40312608939312,-0.42420046923281
GTEX-X4EP-2926-SM-3P5YQ,y,-0.486796064702792,-0.674075835946726,1.6624984056689,1.47208971726249,-0.280277977385531,0.192815260946858,0.19251167199528,2.64645721871379,1.26215169714347
GTEX-X4XY-0926-SM-4E3JD,c,-0.452370264864995,1.87464736564913,-0.550021605445281,-0.843283308059398,-0.292924719791288,-0.792843707396492,0.463886808402969,-0.263466700972885,-0.678676566603089
GTEX-XBED-1626-SM-47JYN,none,-0.120418321632661,0.753107614189919,-0.080574209486602,0.230950265772087,-0.257092282974975,0.114388117128019,-0.350915346796177,-0.494937921857053,-0.431368810003804
GTEX-XGQ4-0926-SM-4AT4U,c,-0.581194411769331,0.254532677144673,-0.759657704665481,-0.844417134201337,-0.423607724650783,-0.808498738042501,0.729171231025947,-1.32823431704006,-0.715414313054432
GTEX-XMD1-0826-SM-4AT52,none,-0.066365142701821,-0.532423689881936,-0.115628114602111,-0.423967722508313,-0.396206449438308,-0.180777606314199,-1.01344965737754,0.245769984972283,-0.349380912435563
GTEX-XMD2-0926-SM-4WWEF,b|c,-0.173069544913998,-0.877161350018109,0.078886692215321,0.537750280649611,-0.330864947008561,0.585710932985032,-0.358359552533047,0.840981695817285,-0.094456793767097
GTEX-XMK1-1126-SM-4IHJ8,c|d,-0.518885271791418,-0.231857129056289,-0.870318071794833,-0.841749307985011,-0.413068772645985,-0.821265947501381,-0.13367988847481,-1.36130163430922,-0.700629610214257
GTEX-XOT4-0726-SM-4GIAW,e,0.717328065370387,-0.223733708493434,0.693361028946007,1.29271175204225,-0.052636614081895,1.66757994403638,0.356284198206404,0.635964328748451,1.3132261251368
GTEX-XQ3S-1326-SM-4BOPQ,b|c,-0.384764847988959,-0.765464317278849,-0.807770907765199,-0.840015220944399,-0.368805174225834,-0.754998050786239,-0.399189893089815,-0.924813046356221,-0.707797950985251
GTEX-XQ8I-2426-SM-4WAXY,f,-0.626212765403374,-0.800496568456162,-0.882690038306189,-0.837814264315929,-0.07582230849245,-0.799379302714729,-0.92299127857498,-1.00417460780222,-0.706901908388876
GTEX-XUW1-2326-SM-4BOO5,f|g,-0.485549881903234,-1.19955960360643,0.323576696551031,0.607113762274095,-0.23179879816346,-0.351919009298719,-0.380692169743655,-1.15628426724039,0.207957582509202
GTEX-XUZC-1626-SM-4BRVP,none,-0.255006063984954,-1.67325656517793,2.57596193309069,0.277803963696318,-0.379344126230632,0.260603063549963,-0.21015218377174,-0.779316850371887,0.220502178858441
GTEX-XV7Q-2326-SM-4BRVZ,d,-0.480565150705001,-1.10410941199288,-0.440048569788782,-0.777021174411394,-0.299248090994167,-0.787980008555014,0.3177096775699,-0.309760945149719,-0.644626947940868
GTEX-XYKS-1326-SM-4BRUN,d|e,-0.494896252899921,0.351506010113759,0.603320606002249,0.976841128029214,-0.101115793303965,-0.380949211758793,0.899485635005835,0.946797111078618,-0.12805839113113
GTEX-Y111-2026-SM-4SOJA,none,0.736020807363761,-0.39635639545411,-0.576827532886552,-0.296712411989549,-0.307679252598005,1.44445775968356,-0.830051497860128,-0.785930313825721,-0.374918126432228
GTEX-Y114-2026-SM-4TT7L,i,-0.435391024221013,0.708428801094215,0.596447291273718,-0.011188311187228,-0.320325995003763,-0.218471272335656,0.342749278684824,1.91897623879212,-0.181820946913583
GTEX-Y3I4-1526-SM-4TT7K,a,-0.483057516304117,1.42227438305513,-0.368566096612058,-0.640161689513855,2.43455605905043,-0.649972553928065,0.160930193111592,-0.46848406804172,-0.577423753212802
GTEX-Y3IK-2326-SM-4WWDT,e,-0.194877743906267,-0.146561213146308,0.583387993289509,1.38995401762734,-0.166457295733712,0.208622282181663,1.96716520326651,1.89913584843062,2.47808150042329
GTEX-Y5LM-1726-SM-4VDSX,h,-0.4343006142714,-0.711646656049932,0.948361005374514,1.62198820279232,-0.423607724650783,0.125331439521346,0.181683736378016,0.999704818709285,0.574439004426259
GTEX-Y5V5-2126-SM-4WWFO,h,-0.309526561465628,-0.214594860360222,0.214978323840238,1.59144159261538,-0.021019758067501,0.226101199893226,1.27304941380146,-0.283307091334386,1.75049491216742
GTEX-Y5V6-2126-SM-4WWFX,i,-0.567174855274301,0.537836969274253,-0.546584948081015,-0.829277220423685,0.731461415075075,-0.775668770862522,0.365307477887458,-0.785930313825721,-0.700629610214257
GTEX-Y8E4-1626-SM-5S2MW,c,-0.530256689837387,-0.456266622105168,-0.7417870863713,-0.846918221279143,-0.322433785404722,-0.777948629694465,-0.568150805117545,-0.858678411817887,-0.710486078774373
GTEX-Y8LW-1626-SM-5IFHX,d,-0.30111482756861,0.233208698167178,1.39512646272904,0.171557784631123,-0.297140300593207,-0.414843113060345,-0.137965946323311,1.07245291670145,-0.250368205536211
GTEX-Y9LG-1426-SM-5IFJZ,c,-0.582284821718945,-0.075481283221324,-0.673053939085988,-0.844250395062817,-0.265523444578813,-0.797403425060378,-0.366706086238021,1.70073194481562,-0.718550462141741
GTEX-YB5E-1726-SM-5IFJ3,d,-0.547547476181258,-0.112544389539352,-0.856571442337771,-0.843183264576286,-0.273954606182652,-0.804850963911392,2.01972580740865,-1.30839392667856,-0.707349929687064
GTEX-YB5K-1626-SM-5IFIN,b,-0.447697079366651,1.79036687730951,-0.281274999559712,-0.655668429396252,-0.170672876535632,-0.464696026185499,3.02130985200561,-1.13644387687889,-0.500812111222806
GTEX-YEC3-1026-SM-5IFI5,d,-0.58898305426657,-0.347108158291799,-0.818080879857996,-0.839815133978174,-0.236014378965379,-0.810626606285647,-0.709365132126035,-1.44066319575522,-0.72034254733449
GTEX-YFC4-1426-SM-5IFJG,none,0.329142123307986,0.92420715979506,0.777215468634088,0.511272105452573,0.246669622854368,1.24474212600535,-0.294971012773645,0.404493107864283,1.56142992433246
GTEX-YFCO-1826-SM-4W1YH,d,-0.346912045452376,0.921160877083989,0.054830090665462,-0.834079307613072,-0.214936474955783,-0.787676027377421,-0.752676874595092,-0.389122506595719,-0.710934100072561
GTEX-YJ8O-2226-SM-5IFHW,d|f,-0.438973799769744,-0.147068926931487,-0.817393548385143,-0.839448307873429,-0.132732649318359,-0.77293294026419,-0.502280863445853,1.21133564923195,-0.67374833232303
GTEX-ZA64-1526-SM-5CVMD,b|c,-0.57823472762038,-0.045526169895795,-0.701234529472966,-0.841649264501898,-0.400422030240228,-0.806066888621761,-0.65725569196795,-0.825611094548721,-0.71407024915987
GTEX-ZAB4-2526-SM-5HL8M,b,-0.494428934350087,-0.370970706195187,-0.655183320791807,-0.843850221130368,-0.210720894153864,-0.780380479115204,0.988139357872188,-0.653661044749053,-0.720790568632677
GTEX-ZAJG-0626-SM-5HL8X,g|h,-0.474334236707209,-0.802527423596876,0.175113098414757,0.956999170545288,-0.071606727690531,0.149801924317534,-0.849677131166419,0.192862277341616,0.296217778252063
GTEX-ZC5H-2626-SM-5J2MG,none,0.065418688351467,0.649534002013514,2.41237704255165,1.00825478172646,0.097016504386237,1.66226027342851,0.362600493983142,1.71395887172329,5.02149841023151
GTEX-ZDTT-2126-SM-5S2OJ,c,-0.40563840988156,-0.016586484140623,-0.589199499397908,-0.842616351505317,0.008489307545934,-0.812754474528794,-0.679362727186531,-0.938039973263887,-0.716758376948993
GTEX-ZDXO-0126-SM-5S2ND,b,-0.23241900074296,-0.003893639511162,-0.662056635520339,-0.844717264650674,-0.273954606182652,-0.803027076845837,0.390121497010356,-0.76608992346422,-0.617745670049642
GTEX-ZDYS-1126-SM-5K7UB,d|f,-0.610947026108785,1.30550021246408,-0.86963074032198,-0.84231622105598,-0.379344126230632,-0.81533831453833,0.394407554858856,-1.22241890177872,-0.707349929687064
GTEX-ZEX8-2226-SM-57WC6,none,0.069624555299976,-0.630920164206557,-0.567204892266609,-0.444976853961883,-0.189642990144268,-0.443721324931623,-0.986830982318435,-0.858678411817887,-0.456458002702282
GTEX-ZF29-1926-SM-5S2P1,f,-0.407507684080897,-0.272981945655744,0.757282855921347,0.902141993972078,-0.391990868636389,-0.034562659892256,0.16724648888833,-0.415576360411053,0.323995098739664
GTEX-ZF2S-2026-SM-5E461,none,1.53451243618072,1.67968527214061,0.395059169727755,0.142645218011687,-0.130624858917399,0.493604636174536,0.53787770178761,1.23778950304729,1.80022527626619
GTEX-ZF3C-2326-SM-5S2MZ,d|f,0.145174387523196,-0.498914580060158,-0.20154454870875,0.474522799322678,-0.33297273740952,-0.434905870781444,0.412228532228937,-0.071676260811718,0.426143954726325
GTEX-ZLFU-2126-SM-4WWEV,b,-0.56748640097419,-0.479113742438198,-0.662743966993192,-0.838181090420674,-0.343511689414318,-0.808346747453704,-0.665827807664951,0.404493107864283,-0.718102440843554
GTEX-ZLV1-1426-SM-4WWES,h,-0.012467736620925,-0.519223131467297,0.566892037941034,1.88777038959383,0.512251213375277,0.238412437585718,0.382677291273486,-0.713182215833554,0.701229031813211
GTEX-ZPIC-1126-SM-5BC7F,f,-0.529633598437608,0.822664402759368,0.159304474539136,0.039200256473635,-0.370912964626793,-0.53582762174212,3.21057314331571,-0.70656875237972,-0.312195144686032
GTEX-ZQG8-0726-SM-5P9H9,i,-0.489911521701688,1.25371340637588,-0.670991944667429,-0.83471291633945,1.22257657849866,-0.807434803920927,4.05718235939057,-0.56768601984922,-0.711830142668935
GTEX-ZQUD-1926-SM-51MSA,d,-0.627458948202932,0.718583076797784,-0.855196779392064,-0.834612872856338,-0.38566749743351,-0.809410681575278,0.516672994537133,-0.018768553181051,-0.71720639824718
GTEX-ZT9W-2026-SM-51MRA,d,-0.59677169676381,0.107803393228099,-0.810520233656612,-0.838948090457868,-0.210720894153864,-0.812754474528794,0.117618450642535,-0.785930313825721,-0.714966291756245
GTEX-ZTTD-1026-SM-51MRD,none,0.5855442343171,-0.441542922334993,-0.383000057541973,0.082552432488937,-0.254984492574015,0.406970000560702,-0.659737093880239,1.08567984360912,-0.125370263342008
GTEX-ZTX8-1226-SM-4YCE9,none,0.155922714169386,0.019461194607048,-0.007029741891318,-0.01619048534284,-0.193858570946187,0.431896457123279,-1.0730033032725,-0.402349433503386,-0.315331293773342
GTEX-ZU9S-1926-SM-5NQBP,none,3.64912887418116,1.51366286438725,-0.147245362353354,1.54732241656289,-0.139056020521238,3.44374196470876,-0.800951420888729,1.37667223557779,-0.036214025002773
GTEX-ZUA1-1526-SM-59HLS,d,-0.50268489539716,-0.759879465641886,-0.853822116446358,-0.838314481731491,-0.276062396583611,-0.784484225012701,-0.391971269344972,-0.296534018242052,-0.697493461126947
GTEX-ZV6S-1826-SM-5NQ8D,f,-0.561255486976399,-0.333399886091981,-0.16167932328327,-0.602778774657583,-0.257092282974975,-0.759405777861328,-0.11270076321636,-1.00417460780222,-0.445705491545791
GTEX-ZV7C-1826-SM-5NQ83,none,-0.180858187411237,0.173806185301299,-0.012528393674143,-0.005552528305238,-0.347727270216238,-0.004620513899404,-0.74049544702567,-0.071676260811718,-0.415688064567255
GTEX-ZVE2-1226-SM-5NQ8R,b,-0.317470976812812,-1.35898173215247,0.456231670811682,-0.352836806015514,-0.322433785404722,0.760196128923069,-0.902237735308557,-0.329601335511219,-0.113721709589143
GTEX-ZVT2-1826-SM-5NQ8W,none,0.710629832822761,0.240316691159677,2.02403476038964,1.14011209246838,-0.198074151748106,0.723262415845592,-0.238575514767059,-0.76608992346422,0.652394710310816
GTEX-ZVT4-1026-SM-57WC4,f,-0.326973120659444,-1.07720058137842,0.406056473293405,-0.016257180998248,-0.164349505332753,-0.300394199696808,-0.388136375480524,-0.144424358803885,-0.176892712633525
GTEX-ZVTK-0326-SM-51MRR,none,2.98444612346677,0.399738819705712,-0.560331577538077,0.156417870853472,-0.345619479815278,1.79008435860611,-0.462804014841243,0.120114179349449,0.00052372144857
GTEX-ZVZQ-0826-SM-51MRF,b|c,-0.355479552199339,-0.918793880402743,-0.325264213822311,-0.063010835439366,0.094908713985277,-0.053865464669373,-0.069614602739329,-1.42082280539372,0.192276837072654
GTEX-ZWKS-2826-SM-5NQ74,b|c,-0.594746649714527,-1.69204197522953,-0.740412423425594,-0.847851960454857,0.008489307545934,-0.780076497937611,-1.1826361513973,-0.673501435110553,-0.707349929687064
GTEX-ZXES-0826-SM-5E43C,e,-0.354233369399781,0.310888907299482,5.71156811224661,1.70182290231588,-0.052636614081895,1.34627183932121,1.13003043085676,0.113500715895616,0.67658786041292
GTEX-ZY6K-1626-SM-5GZWV,none,-0.076801923648121,-0.335430741232695,0.107067282602299,0.385817577629829,-0.343511689414318,0.165000983197154,-0.91622381881419,0.53676237694095,-0.098040964152594
GTEX-ZYFC-0826-SM-5E44K,b,-0.318405613912481,-0.583195068399782,-0.778215654432515,-0.838614612180827,-0.147487182125076,-0.761381655515679,-0.609883473642418,-0.594139873664553,-0.709142014879812
GTEX-ZYT6-0126-SM-5E45J,d|f,-0.42744660887383,0.061093724991681,-0.782339643269634,-0.839014786113276,-0.347727270216238,-0.801659161546672,-0.303768710462672,-0.481710994949386,-0.706005865792502
GTEX-ZYW4-0826-SM-5GIDG,b,-0.577767409070546,-1.31430291905676,-0.274401684831181,-0.816671741551543,-0.311894833399925,-0.698761532931645,-0.551457737707595,-0.600753337118386,-0.696597418530573
GTEX-ZZ64-1226-SM-5E43R,d,-0.58540027871784,0.31495061758091,-0.86963074032198,-0.838914742630164,-0.398314239839268,-0.804850963911392,0.310039889841004,-0.170878212619218,-0.716758376948993
GTEX-ZZPU-0626-SM-5E43T,h,-0.3476909097021,-0.04400302854026,1.77590809868967,2.06297987635106,-0.115870326110682,-0.04398607639762,2.6504530571143,0.688872036379118,1.10937643446167
